,class,id
0,0,752137929871462400
1,0,751510274432131072
2,0,751374701344219136
3,0,751373414435328001
4,0,751373066987573248
5,0,751306194569007104
6,0,751127512680243200
7,0,751066559129366528
8,0,750925421122727936
9,0,750793717187883008
10,0,750755326085836800
11,0,750711893984104454
12,0,750709057174933504
13,0,750061823970250752
14,0,749012144130125824
15,0,748954962172928000
16,0,748901643148664832
17,0,748899832551514112
18,0,748897854576422912
19,0,748568349978746886
20,0,748560539291267072
21,0,748542472972709888
22,0,748227806794944513
23,0,748184062053875712
24,0,746184424052555776
25,0,746181481773445120
26,0,746101041331003392
27,0,746099660528324611
28,0,746055890785099776
29,0,745731066896408580
30,0,745672126334590979
31,0,745671946902216705
32,0,745391762370236416
33,0,745326830580699138
34,0,745315625304657920
35,0,745313271603826688
36,0,745302445052420096
37,0,745294553502998528
38,0,744561390954786817
39,0,743501433098510336
40,0,743489984070451200
41,0,743469266549149696
42,0,743182023162888193
43,0,743178501587492865
44,0,743152542645792768
45,0,743150851263324160
46,0,743135917964034049
47,0,743072103050534914
48,0,742542925188341760
49,0,742448005203120128
50,0,742406386525446144
51,0,742398933641498626
52,0,742396819083165697
53,0,741434827384070144
54,0,741420395413131264
55,0,740618619164364805
56,0,740612959144005632
57,0,740610036242644992
58,0,740570974144192513
59,0,740288512159666176
60,0,740194291239116800
61,0,740194087974764544
62,0,740083716957970433
63,0,740082327896752128
64,0,740068476014858240
65,0,740056572487864322
66,0,739924853772279811
67,0,739872176761769985
68,0,739840569317285889
69,0,739839774417027072
70,0,739839498503094272
71,0,738768761574936577
72,0,738768714938474497
73,0,738756578468188162
74,0,738041885416034305
75,0,737777436805320705
76,0,737760121506258945
77,0,737725396540522496
78,0,737686482849300483
79,0,737684932667924483
80,0,737684612319584256
81,0,737681545155072000
82,0,737680990722621445
83,0,737647516393472004
84,0,737486910117969921
85,0,737486573940314112
86,0,735306980290482176
87,0,735280991200116737
88,0,735269291872817152
89,0,734891740511899650
90,0,734804041163636738
91,0,734801848054386688
92,0,733756264316964864
93,0,733281584518856704
94,0,733126640503390208
95,0,733070303069274112
96,0,733066781573533696
97,0,733037716552613888
98,0,733034122348630016
99,0,733027934550646785
100,0,752178573037871104
101,0,752177580053180416
102,0,752177283150913537
103,0,751993024977080320
104,0,751984392717742080
105,0,751984292889108480
106,0,751984121564368896
107,0,751983375607443456
108,0,751983222934810624
109,0,751982769538932736
110,0,751982364394303488
111,0,751981898298044416
112,0,751980979930050563
113,0,751980931297128448
114,0,751662145872420864
115,0,751661903168974848
116,0,751661583676215296
117,0,751082884606418944
118,0,750469620088406017
119,0,750445245754699777
120,0,750424501171683328
121,0,750424484725874688
122,0,750190374883172352
123,0,750189786065825792
124,0,750044986436100096
125,0,749806853643653120
126,0,749804592746098688
127,0,749804474068328448
128,0,749803797208334337
129,0,749766849168936960
130,0,749766564631547904
131,0,749766425590411264
132,0,749766310192525312
133,0,749435489082454016
134,0,749434984805519360
135,0,749318560044888065
136,0,749298384578555905
137,0,749297070821941249
138,0,749107333733593089
139,0,749106927213289472
140,0,749106455123365888
141,0,749100971435757569
142,0,749081585895370752
143,0,749013943046311936
144,0,749000163524481024
145,0,748999603379470338
146,0,748998658050457600
147,0,748998164775112704
148,0,748995572099584000
149,0,748939904386826240
150,0,748915109691478016
151,0,748914488007471104
152,0,748595124909780992
153,0,748592552224370689
154,0,748592211974029312
155,0,748592120483676164
156,0,748592006646095872
157,0,748574349762785280
158,0,748574242535419904
159,0,748573930189791233
160,0,748573583408934912
161,0,748573439749824512
162,0,748573004301426688
163,0,748572631918489600
164,0,748572254829633537
165,0,748372180916965376
166,0,748199178103304192
167,0,748198969206005760
168,0,747673174129651712
169,0,747625962418769921
170,0,747511534209765376
171,0,747509506515443713
172,0,747277330729467904
173,0,746843639947530240
174,0,746773968237957120
175,0,746626482932355072
176,0,746625989141110785
177,0,746625765937012736
178,0,746623547699781632
179,0,746623103896264704
180,0,746602765456007168
181,0,746602371610902530
182,0,746583661877682177
183,0,746582327401164801
184,0,746540232384753664
185,0,746515550482792448
186,0,746400411356106752
187,0,746011925935337472
188,0,746011727691538433
189,0,746011396828078080
190,0,746011228540043264
191,0,746011039393681408
192,0,746010838889205764
193,0,745838349701742593
194,0,745830587001413632
195,0,745830436471988225
196,0,745497035797737472
197,0,745436150077095936
198,0,745435870853898244
199,0,745435729308721152
200,0,751837010025967618
201,0,751831995190218752
202,0,751324609102970880
203,0,750642242692517888
204,0,750408477583880192
205,0,750407140112674816
206,0,750406185279365121
207,0,750256898872602624
208,0,749896856864423936
209,0,749235751045492736
210,0,748172340387778560
211,0,748165814902202369
212,0,748043032751144960
213,0,748042868263116802
214,0,747913983169073153
215,0,747896898716057600
216,0,747679652601282561
217,0,747093722689581056
218,0,747040503057780737
219,0,746969601741819905
220,0,746681159996813312
221,0,746386376728379393
222,0,746373425283891200
223,0,746370586507608064
224,0,746369377222692865
225,0,746002678401073152
226,0,745907254088634368
227,0,745895602765070336
228,0,745858282313625601
229,0,745852224128061440
230,0,745641081501528068
231,0,745640185422053380
232,0,745605164954955776
233,0,745585734837481472
234,0,745573667279671297
235,0,745569824714166272
236,0,745510030116433920
237,0,745006179248652288
238,0,745005855767203840
239,0,744809082050076673
240,0,744808992958877696
241,0,744173616070262785
242,0,744171338106081280
243,0,744105842706874368
244,0,744104230441594880
245,0,744103455510376448
246,0,743839446425010176
247,0,743737409498546181
248,0,743502752731508737
249,0,743484199072567296
250,0,743354407002136576
251,0,743341860760887297
252,0,743094061150687232
253,0,743081700993998848
254,0,743072825326571520
255,0,743062715195916288
256,0,743062197044150276
257,0,743061929376288768
258,0,743061267032739840
259,0,742996993295941632
260,0,742740696088596480
261,0,742718122877177856
262,0,742715877401858050
263,0,742651078886490112
264,0,742580902614736897
265,0,742448914931027968
266,0,742424953002307584
267,0,742392670748692480
268,0,741977498318049280
269,0,741891498246086656
270,0,741891327038754816
271,0,741657015370584066
272,0,741574343373803520
273,0,741272302885732353
274,0,741198055962251264
275,0,741193480798633984
276,0,740900590272794624
277,0,740900496198750208
278,0,740582450347278336
279,0,740405256643842048
280,0,740236132525473792
281,0,740235815788367872
282,0,740235801989111809
283,0,739833647247810560
284,0,739780788489748480
285,0,738816315624935424
286,0,738815942696833024
287,0,738096708148703236
288,0,737624758703923200
289,0,737600924810498053
290,0,736193768613904385
291,0,735568455324307456
292,0,733724857310040065
293,0,733657553821896705
294,0,733573504113631232
295,0,733251358590144512
296,0,733063603968987136
297,0,732550058093187073
298,0,731909843225808896
299,0,731199439096971264
300,0,751103206789357573
301,0,751094134174322688
302,0,750751486100070400
303,0,750683663172571136
304,0,750340101054558208
305,0,750339810129276928
306,0,750339652444364800
307,0,749235843110473728
308,0,748255516300697601
309,0,748255476035395584
310,0,748193809981411329
311,0,748186685750546432
312,0,747869014907453440
313,0,747857514029453312
314,0,747818865275637760
315,0,747813597116571648
316,0,746755972484345856
317,0,746498037829238784
318,0,746427061712064512
319,0,746365406881914880
320,0,746360660544585728
321,0,746359695405883392
322,0,746083404853166081
323,0,746081640737312770
324,0,746067806974779392
325,0,746064631374962688
326,0,746058639996248064
327,0,746051082682503168
328,0,746031003500748800
329,0,745790078677565440
330,0,745769769786351616
331,0,745738423173025792
332,0,745734357608968201
333,0,745733176794963969
334,0,745665632272687104
335,0,745379044112334849
336,0,745323455030173697
337,0,745323280513523712
338,0,745320925860663296
339,0,745316341142323201
340,0,745315155567796224
341,0,745310095865589760
342,0,745288165309714432
343,0,745251490575572992
344,0,745250017078816768
345,0,745249489464795136
346,0,745008111669420032
347,0,744996604063678464
348,0,744548610537193472
349,0,744544386982121472
350,0,744540366439780353
351,0,744319071831883777
352,0,744010361930661888
353,0,743955198926798853
354,0,743942626387365888
355,0,743906215890194432
356,0,743874212054597632
357,0,743783736102158336
358,0,743559210596732929
359,0,743538130188369920
360,0,743535582219993088
361,0,743502830468759554
362,0,743502204162707456
363,0,743498095233687556
364,0,743489875194744833
365,0,743485776369844225
366,0,743142842089021440
367,0,743082314893299712
368,0,743072117978243072
369,0,742790076648808448
370,0,742790063172550656
371,0,741272441062707201
372,0,740611593155665923
373,0,740210575506964480
374,0,740168801765986304
375,0,739898548209098752
376,0,739898239588007937
377,0,739885814105116672
378,0,739884962934095872
379,0,739831380071350273
380,0,739830926818021378
381,0,739806344224604160
382,0,739479437562028032
383,0,739160803027394561
384,0,738783421695205376
385,0,738730583405297664
386,0,738730455760048128
387,0,738730231914205184
388,0,738730017442664448
389,0,738010197105508352
390,0,737801769544212480
391,0,737692759549706240
392,0,737659415906648064
393,0,737619447238823936
394,0,737486635173085185
395,0,737485911907282944
396,0,737477566022488066
397,0,737440145876586496
398,0,737433300801847296
399,0,737395014704234496
400,0,751989509722501120
401,0,751440299293941760
402,0,751252502075482112
403,0,751137991418974208
404,0,750764599390007297
405,0,750764364974608386
406,0,750590931141820417
407,0,750484657590841345
408,0,750484269827395584
409,0,748772294831403008
410,0,748750846859489280
411,0,748750219790077953
412,0,748556155924819968
413,0,748121392869105665
414,0,748119654527205376
415,0,748030820930191360
416,0,748030542738825216
417,0,748028003398066176
418,0,748022076175429632
419,0,748022008907186176
420,0,748021921263017984
421,0,748021654912139264
422,0,748021251969585153
423,0,748021124143931392
424,0,748020265691586561
425,0,748017500080705536
426,0,747682336326688768
427,0,746192534313918464
428,0,746001374190534656
429,0,745844427684458496
430,0,745805581999431680
431,0,745615772123181056
432,0,745503432748871681
433,0,745495984080224256
434,0,745479929563746304
435,0,745473257000706049
436,0,745444268248948737
437,0,745368559438569473
438,0,745365336589950977
439,0,745168148035297280
440,0,745167390313316353
441,0,745165291584294912
442,0,745163288523079680
443,0,745160884775903233
444,0,744998483761856512
445,0,744599386177429504
446,0,744054524978028544
447,0,743816349734961152
448,0,743811424309305344
449,0,743810147869306882
450,0,743808875288113153
451,0,743585761950261248
452,0,743585581842632704
453,0,743581796848173056
454,0,743581730913714176
455,0,743581296958418946
456,0,743581193946312704
457,0,743452078635261952
458,0,743451534579531776
459,0,743260738886598656
460,0,743245803343384576
461,0,743234462503178241
462,0,743231009236213760
463,0,743228211429924864
464,0,743215270534086657
465,0,743215228729470976
466,0,743214311003152384
467,0,743213678833504257
468,0,742951134445326336
469,0,742947998288777216
470,0,742631082336477185
471,0,742610477352505345
472,0,742479635506569217
473,0,742478424216719360
474,0,742478323566006272
475,0,742200207014658048
476,0,742146776866557953
477,0,742082921868070912
478,0,741753374639431680
479,0,741663770930352129
480,0,741435093659459585
481,0,741262612977979392
482,0,741060216733589504
483,0,740950585126440960
484,0,740917405426143233
485,0,740917358319964160
486,0,740787363731910656
487,0,740787230277566466
488,0,740753075938304000
489,0,740550284296871939
490,0,739519814327115778
491,0,739320597532921856
492,0,739166435243524096
493,0,739164415824535552
494,0,739151308758745090
495,0,739151294774923264
496,0,739022190595559424
497,0,739018687202496512
498,0,738889379851046913
499,0,738889049440550912
500,0,748750404251361282
501,0,746378268027289600
502,0,745254588417187840
503,0,745254489842720768
504,0,743838011255853056
505,0,743752554543099905
506,0,743388071706648576
507,0,742686247378903040
508,0,742686069133611008
509,0,742686044122972160
510,0,742629262415540225
511,0,741945152822972417
512,0,741534250466443264
513,0,738068325293559808
514,0,738068153176068096
515,0,737528552313085953
516,0,730326710604992512
517,0,730292015909474304
518,0,728101960763641857
519,0,725726124479754240
520,0,725287812061339648
521,0,725286162710052864
522,0,724979774549053440
523,0,724896985585704961
524,0,724879619124506625
525,0,724877052449591298
526,0,718324782404616192
527,0,715534894659710977
528,0,713354594898849792
529,0,706480466505965569
530,0,703199861827448832
531,0,703199372834508802
532,0,697310919722799104
533,0,697012520524062720
534,0,695903342023852032
535,0,674358209323409409
536,0,669448793251778560
537,0,662589089431068674
538,0,657822975203393536
539,0,657817887164473344
540,0,657618104676167680
541,0,656870439575269378
542,0,656759868641120256
543,0,649864724599951360
544,0,649857052660080640
545,0,649144902736039936
546,0,643358903921692672
547,0,636874485837234176
548,0,636817813739601920
549,0,626659848281812992
550,0,624284752678375426
551,0,621691008338796544
552,0,621223560976142336
553,0,620485503301885952
554,0,620467167880982528
555,0,619193460151742464
556,0,618801342660935680
557,0,618667655856320512
558,0,606493875352571904
559,0,582562286042288128
560,0,581372199875035136
561,0,580025209148870659
562,0,570255375045423104
563,0,570254320677097472
564,0,569092437441957888
565,0,563749931278925826
566,0,561833667014967296
567,0,529523674601488384
568,0,527007345852051457
569,0,527005387485368320
570,0,522127241103560704
571,0,504594049928794112
572,0,503814646080761857
573,0,497845857522552834
574,0,496038747650400257
575,0,491839620045631488
576,0,491838545825636352
577,0,489314872946343936
578,0,484664814401495040
579,0,473031401152204800
580,0,473031343501500417
581,0,467343324362584064
582,0,463269455930601472
583,0,454710720257875968
584,0,384981767809024000
585,0,337298950568681473
586,0,336283839573917696
587,0,334020928658870274
588,0,333842251845353473
589,0,333826406737907712
590,0,333504518442594306
591,0,331800746163052544
592,0,330011417954639873
593,0,328755437837103104
594,0,328755234207838208
595,0,328754925586755585
596,0,324406420961366016
597,0,322246602947440640
598,0,317934433401442304
599,0,309583544219484160
600,0,751380015279968256
601,0,751167520850272256
602,0,751068117367984128
603,0,751015055911751680
604,0,750722044950609924
605,0,750702205494255616
606,0,750702127962619906
607,0,750701326015852548
608,0,750651370903076864
609,0,750601322009886721
610,0,750598330498121728
611,0,750214400523534336
612,0,749835416166141952
613,0,749663101474177024
614,0,749660300631273472
615,0,749599758411558913
616,0,743788319822184448
617,0,743715821172621312
618,0,743581485526032384
619,0,743546991200845824
620,0,743459547336015872
621,0,743376001598652416
622,0,743344960691265536
623,0,743344570490986496
624,0,743337965049372675
625,0,743157823123636224
626,0,743152778323820548
627,0,743029016739909632
628,0,742798308511494145
629,0,742797418455007232
630,0,742796942053408769
631,0,742796379983106048
632,0,742780589913341952
633,0,742771332224520192
634,0,742759483449966593
635,0,742599186454040576
636,0,742598283504320512
637,0,742469165831819266
638,0,742372341531824128
639,0,742370688485445632
640,0,742370182082011136
641,0,742310587317813248
642,0,741539445640421376
643,0,741376943006863360
644,0,741200941324636160
645,0,740805423494778880
646,0,740801977035153408
647,0,740462237014491136
648,0,740411815000178689
649,0,740203000526950400
650,0,740201365801164800
651,0,740200861243211776
652,0,740200522704117764
653,0,740194262055288833
654,0,740141945712971776
655,0,740120366438289408
656,0,739808189470912512
657,0,739459837264809984
658,0,739458894922190848
659,0,739266643889639424
660,0,739166199066570752
661,0,739160287564169216
662,0,739150267267076096
663,0,739145238451748864
664,0,738848165802221569
665,0,738839378127130628
666,0,738833772112711680
667,0,738832838464839680
668,0,738814861199564802
669,0,738731874458144769
670,0,738661997697466368
671,0,738661917825327104
672,0,738399509777162241
673,0,738270081411653636
674,0,738267076037640192
675,0,738102720180158464
676,0,738081182689198080
677,0,738068198256463872
678,0,737923650750427137
679,0,737917823616438273
680,0,737899486329077760
681,0,737679896621789184
682,0,737541002408263680
683,0,736855287827726336
684,0,736854794162327552
685,0,736854263226347520
686,0,736853805585862656
687,0,736849849455370240
688,0,736833089482203136
689,0,736829008449568768
690,0,736505963297964032
691,0,736465114044502016
692,0,736462941302751232
693,0,736462865629106176
694,0,735503540014198785
695,0,735481582165753856
696,0,735383030869721091
697,0,735223915815919616
698,0,735223808164921344
699,0,735119638724501504
700,0,751958778250166272
701,0,751958379057340416
702,0,751185400706768900
703,0,751139420535918592
704,0,751133004890865664
705,0,750783247689408512
706,0,749361095631044608
707,0,749063972930936832
708,0,749063248444522497
709,0,749012962539692033
710,0,745836405188866048
711,0,745401209264046082
712,0,745340479160594432
713,0,745297094186049536
714,0,745059705035362305
715,0,744993434067415040
716,0,744988506347405313
717,0,744924365800742914
718,0,743670595997491204
719,0,743668323813040128
720,0,743291352020979714
721,0,743291208160542722
722,0,743289780478296064
723,0,743266959744172032
724,0,743223261916434433
725,0,742062503430094848
726,0,741868338331144193
727,0,741665439353298944
728,0,738496092225085440
729,0,738495524026908673
730,0,738157075478368257
731,0,738140320018235392
732,0,738140241454714880
733,0,738050348032528385
734,0,738050295557586944
735,0,738050281250820096
736,0,738050266662981632
737,0,738049987636908036
738,0,738049908955971584
739,0,737827544540446722
740,0,737825416069537792
741,0,737819555964194816
742,0,737819298614251520
743,0,737818710002438144
744,0,737818421375557632
745,0,737818078726098944
746,0,737817906189213698
747,0,737817601590460418
748,0,737817403464114177
749,0,737817357511331840
750,0,737812998396334082
751,0,737533956388593667
752,0,737523522348539906
753,0,737523501389602818
754,0,737523478098677760
755,0,737458307095355393
756,0,737457614301233152
757,0,737452623867957249
758,0,737449908899188737
759,0,737449316688629760
760,0,737449277392191488
761,0,737448886764085248
762,0,737448342125322240
763,0,737345875693834240
764,0,737333512282345472
765,0,737329655368142848
766,0,737329588636778497
767,0,737327333036589057
768,0,737326015697977347
769,0,737325528001044480
770,0,735259655878914048
771,0,734321757427994624
772,0,734067114055720960
773,0,734061972367478784
774,0,734061955086962692
775,0,729409467704610816
776,0,729409458745581568
777,0,729409447236390914
778,0,729409431973318657
779,0,729409418253762560
780,0,729019428814389248
781,0,729019409096949761
782,0,729019393997459457
783,0,729019353161732096
784,0,728830143347740672
785,0,728829299038535680
786,0,728190515569635328
787,0,726559424719032320
788,0,725407802030723073
789,0,725407474728194048
790,0,725171299002277888
791,0,725165075288461312
792,0,725164835256819712
793,0,725164818030845952
794,0,725164796920893442
795,0,721119773078196224
796,0,721055721870254080
797,0,721055562742546432
798,0,719686679104266240
799,0,719286044521328640
800,0,752175044789432327
801,0,751979139889070080
802,0,751558330330419201
803,0,751534718286454784
804,0,751532615723782144
805,0,751529711679967233
806,0,751528367929843712
807,0,751528230771953664
808,0,751527958058237952
809,0,751527651303653376
810,0,751526038996447232
811,0,751525865427705856
812,0,751503405416386560
813,0,751492359515430912
814,0,751467165916725248
815,0,751453358532259840
816,0,751451661512613888
817,0,751445899763707904
818,0,751177577398571008
819,0,751176527279161345
820,0,751138454600290305
821,0,751128888714166272
822,0,751104465110007808
823,0,751090904539262980
824,0,751080897215078400
825,0,751067332118798337
826,0,750824107239837696
827,0,750811782457991170
828,0,750762583263707137
829,0,750722301021261824
830,0,750704647044788224
831,0,750680737314209793
832,0,750453019498647552
833,0,750406497021157376
834,0,750369223441014788
835,0,750358771449335808
836,0,750344776579477504
837,0,750299138005217280
838,0,749741534560550912
839,0,749680403355672576
840,0,749649077512630272
841,0,749636358570999808
842,0,749588575843389441
843,0,749364566526689281
844,0,749346986978119680
845,0,749320530147377152
846,0,749308973170434049
847,0,749301314815799296
848,0,749299126945415168
849,0,749282768228671492
850,0,749279014506946563
851,0,749154310680743936
852,0,749154087753486336
853,0,749153771263897600
854,0,748999774834130946
855,0,748953104989773829
856,0,748946423916457984
857,0,748940539932864512
858,0,748930106157101056
859,0,748929300993339392
860,0,748928679355580420
861,0,748927941682356224
862,0,748849261580652544
863,0,748585277669548034
864,0,748276176209199104
865,0,748260409581383680
866,0,748232154329526272
867,0,748186780197916672
868,0,748140252259319808
869,0,748138672449458177
870,0,748138285130620928
871,0,748138274477092864
872,0,748137943672328192
873,0,748136818894245889
874,0,748136593974714371
875,0,748131811746680832
876,0,748131752573468673
877,0,748129630591168512
878,0,748128358139985920
879,0,748118882595004417
880,0,747930592952496128
881,0,747911221618286592
882,0,747883576046288898
883,0,747865677336305664
884,0,747865474348756996
885,0,747863474143891456
886,0,747845392780369921
887,0,747844774636445696
888,0,747825733620359168
889,0,747788157928738816
890,0,747786046931243008
891,0,747776724440612864
892,0,747508579964489733
893,0,747185198975049728
894,0,747143681275236352
895,0,747127358038089728
896,0,747118497130516480
897,0,746826610544873472
898,0,746811165515218944
899,0,746802952162009089
900,0,752102168056963072
901,0,751915450787827713
902,0,751831516439842816
903,0,751829522622910464
904,0,751829093558222848
905,0,751811137411305472
906,0,751231261348335616
907,0,751152619700293632
908,0,751141807396970496
909,0,751122516832292865
910,0,751082200704118784
911,0,751078148868018176
912,0,751032375623180288
913,0,751032237643235328
914,0,751032187588411392
915,0,751032131518857216
916,0,750793915683508224
917,0,750787162149388288
918,0,750786889767129088
919,0,750786771705880576
920,0,750784454579355648
921,0,750763559597006849
922,0,750710264237096960
923,0,750703289969283072
924,0,750685679483547648
925,0,750682086726569984
926,0,750679217294045184
927,0,750673052577431552
928,0,750665980389494784
929,0,750654077256687616
930,0,750634634157891584
931,0,750634526800539648
932,0,750473336287879168
933,0,750420355571941376
934,0,750402733438603264
935,0,750402715214344192
936,0,750394014298497024
937,0,750393919477784576
938,0,750367513704300544
939,0,750367233596092416
940,0,750348359509090304
941,0,750319877861285888
942,0,750157769123176448
943,0,750071649223843840
944,0,750056270099521536
945,0,750056100741939200
946,0,750049167502872577
947,0,750034608461340672
948,0,749997861136371712
949,0,749920439481217024
950,0,749920109221871616
951,0,749803045161209856
952,0,749573394891411456
953,0,749409710651080705
954,0,749405262155354112
955,0,749324977715945472
956,0,749277986206126080
957,0,749193295901888512
958,0,749035461058916354
959,0,748960928272637952
960,0,748960868726177793
961,0,748947911405342720
962,0,748921596224626692
963,0,748890865964384256
964,0,748872978105073664
965,0,748858937156435970
966,0,748857719617122304
967,0,748583323321176064
968,0,748577326300962816
969,0,748565783467466752
970,0,748562655166795778
971,0,748526771453177856
972,0,748508336065232896
973,0,748469723663314944
974,0,748204389576351744
975,0,748200907712643073
976,0,748193605911621632
977,0,748187690298925057
978,0,748178280923144192
979,0,748177798855073792
980,0,748156134008233984
981,0,748156078987317248
982,0,748156013237444608
983,0,748142218846806016
984,0,748141213518270464
985,0,748140432576634880
986,0,747973127758548992
987,0,747896836027973632
988,0,747888518014377986
989,0,747879434926100480
990,0,747876716119490561
991,0,747875450752471041
992,0,747875441810223105
993,0,747874366428422144
994,0,747874252557279232
995,0,747873543996776448
996,0,747873076130512896
997,0,747872991636250624
998,0,747872356958371840
999,0,747870960829730816
1000,1,752179508346810368
1001,1,752176916841594880
1002,1,752145850864922624
1003,1,751870575899922432
1004,1,751261096196116480
1005,1,751257063695740928
1006,1,751243123418882048
1007,1,751227864717066240
1008,1,751227158832504832
1009,1,751150346538479617
1010,1,751149465529122816
1011,1,750669365918314496
1012,1,750083832234336257
1013,1,750082277305122816
1014,1,750080226898608132
1015,1,750015612089409536
1016,1,750000654786125824
1017,1,749998093962215424
1018,1,749987436709744640
1019,1,749966371853832192
1020,1,749964936831533060
1021,1,749793103284932608
1022,1,749258516901294082
1023,1,749254212509372416
1024,1,749244710762471424
1025,1,749204786604568576
1026,1,748856649528389632
1027,1,748693942489808897
1028,1,748693102332903424
1029,1,748678568893448193
1030,1,748313280322637824
1031,1,748311431293079556
1032,1,748294957367169024
1033,1,748128930721239040
1034,1,748106343811260416
1035,1,747967789529432064
1036,1,747962000584630276
1037,1,747958623477899265
1038,1,747912935679287296
1039,1,747911620362309632
1040,1,747740811689922560
1041,1,747231229154557953
1042,1,747201402846515204
1043,1,747198380498108416
1044,1,747173111758479364
1045,1,747150777681076224
1046,1,746742979260387328
1047,1,746742299846074369
1048,1,746710781530619904
1049,1,746541616450646016
1050,1,746503114803527680
1051,1,746491007282384896
1052,1,746198146422693889
1053,1,746197600945115140
1054,1,746187644439248896
1055,1,745971229362888708
1056,1,745795757723246592
1057,1,745794049861427200
1058,1,745785274727342084
1059,1,745771159191433220
1060,1,745757251982458881
1061,1,745573212944236544
1062,1,745397686929661952
1063,1,745395225175203840
1064,1,745394512181202944
1065,1,745374844942835712
1066,1,745299777596833792
1067,1,745298535378227200
1068,1,745297905368633344
1069,1,745293318616133632
1070,1,744861002773184512
1071,1,744322670200786944
1072,1,744185423312916480
1073,1,744160414871724032
1074,1,744154895775862786
1075,1,744143310386794497
1076,1,744130081279336448
1077,1,743862380526968832
1078,1,743580959392563200
1079,1,743480103418601472
1080,1,742853284201893888
1081,1,742647573278773253
1082,1,742528753998417924
1083,1,742177736962215936
1084,1,742147970116640768
1085,1,742135841783353345
1086,1,742099816428261376
1087,1,742098995766546432
1088,1,742089435521515520
1089,1,742088377361674241
1090,1,742088105268649984
1091,1,741626248854679552
1092,1,741553777547878400
1093,1,741216960902467584
1094,1,740106522999586816
1095,1,740013643249651713
1096,1,739872639381057536
1097,1,739144298017366017
1098,1,739108592754806784
1099,1,739100440810381312
1100,1,752184562067865605
1101,1,752183235170426881
1102,1,751875132935712768
1103,1,751764734878191616
1104,1,751763888119558144
1105,1,751751173690929153
1106,1,751605377800630272
1107,1,751598016516149248
1108,1,751593506578132992
1109,1,751592676391202816
1110,1,751580543007858689
1111,1,751543751680651264
1112,1,751535097266970624
1113,1,751050067948163072
1114,1,751021005292785664
1115,1,751004285232484352
1116,1,750858895350902784
1117,1,750857503433379840
1118,1,750847952847986688
1119,1,750847200498847744
1120,1,750817953440997376
1121,1,750787351811596288
1122,1,750726759738249216
1123,1,750699856331567104
1124,1,750418748180406272
1125,1,750324612295077888
1126,1,750273451894513664
1127,1,750273409880252416
1128,1,749909275745591296
1129,1,749906169238609920
1130,1,749609407005196288
1131,1,749535549451624448
1132,1,749535415770738689
1133,1,749187421477232640
1134,1,749163170804207616
1135,1,748960809678692352
1136,1,748895404578701312
1137,1,748893937931288576
1138,1,748873940441894916
1139,1,748865914527940608
1140,1,748864879902195712
1141,1,748442996576772096
1142,1,748442604732284929
1143,1,748429194963595264
1144,1,748425446275035136
1145,1,748193641089404928
1146,1,748181459530309632
1147,1,748179685243297792
1148,1,748171584851050496
1149,1,748158152395337728
1150,1,747855455972630528
1151,1,747854709290065922
1152,1,747854090764455937
1153,1,747843312850182144
1154,1,747829294622248960
1155,1,747787335601950721
1156,1,747784843317108736
1157,1,747747919634251776
1158,1,747745777901010944
1159,1,747744778666803200
1160,1,747720880185290754
1161,1,747567793642610688
1162,1,747504642699964417
1163,1,747446846293966848
1164,1,747433377914060800
1165,1,747343796032020480
1166,1,747195080251969536
1167,1,746729839357472769
1168,1,746611772233289728
1169,1,746348459851120640
1170,1,746255308629082112
1171,1,746242590777933824
1172,1,746242079886499841
1173,1,746238080227512320
1174,1,746231408474001410
1175,1,746070530554466304
1176,1,746013187921805312
1177,1,745978447097380864
1178,1,745959454642999296
1179,1,745897507700506624
1180,1,745743476675981312
1181,1,745662300061859841
1182,1,745661004122587136
1183,1,745647795076501504
1184,1,745643216356147200
1185,1,745610999038943232
1186,1,745609721302913024
1187,1,745608610114338816
1188,1,745607040320606208
1189,1,745605087624593408
1190,1,745599016415731712
1191,1,745598086551052288
1192,1,745516626859065344
1193,1,745370810001592322
1194,1,745317498661240834
1195,1,745165848340422658
1196,1,745163674831060992
1197,1,745133828876865536
1198,1,745133822006566912
1199,1,745133814087712768
1200,1,751058922996244480
1201,1,745792033294422016
1202,1,744585134167359488
1203,1,743095203704143873
1204,1,743093489802477568
1205,1,738748967794548738
1206,1,737299655998857216
1207,1,737299558468718593
1208,1,737299461563502595
1209,1,730660400484716544
1210,1,710871205994045440
1211,1,703111827832451072
1212,1,692119496845332480
1213,1,684230271395172355
1214,1,681596443358986240
1215,1,681524853829021697
1216,1,681299138739228672
1217,1,681170974327214080
1218,1,676104240452911104
1219,1,670676466112323584
1220,1,669377876274188288
1221,1,640698654550962176
1222,1,637665094348898305
1223,1,607655481973317632
1224,1,602540329393262592
1225,1,587001644434460673
1226,1,586996769030037505
1227,1,586915396386684928
1228,1,578795158721835008
1229,1,578794502615212032
1230,1,555396734394716160
1231,1,554671035803389952
1232,1,551784003083055104
1233,1,548266644305629184
1234,1,547232560107896832
1235,1,542933391612444673
1236,1,542933216789676033
1237,1,542928101018050560
1238,1,538372776936341505
1239,1,531309689745596416
1240,1,528671840722780160
1241,1,526748215895289856
1242,1,526189231383646208
1243,1,517695394604535808
1244,1,511034156164210688
1245,1,510978139934048256
1246,1,509354954213965826
1247,1,508309686714507264
1248,1,504460174526918656
1249,1,499207929824686081
1250,1,496157199857512449
1251,1,495676372376117248
1252,1,491003222476087298
1253,1,488059427585400832
1254,1,483619022986940417
1255,1,478202684164812800
1256,1,477879426797928448
1257,1,474667874209243138
1258,1,467854922201829376
1259,1,466073540530155520
1260,1,464248375294951424
1261,1,463046570728910848
1262,1,458081303712120833
1263,1,457568296842174464
1264,1,456842840945881088
1265,1,456443525056327681
1266,1,456286015838105600
1267,1,456284432735801344
1268,1,456284158151495681
1269,1,456279314846072833
1270,1,456275163609198594
1271,1,455061907184295936
1272,1,455041176413155329
1273,1,454980724345815040
1274,1,454681117657149440
1275,1,452915109333966848
1276,1,452692853857083394
1277,1,449697928173875200
1278,1,446280383345475585
1279,1,446019537629351936
1280,1,444501036032876544
1281,1,444304891943862272
1282,1,444304458835820544
1283,1,443924156070264833
1284,1,443362827483762688
1285,1,442656264322318336
1286,1,441689835816759296
1287,1,441220010938077184
1288,1,441194081528459264
1289,1,440857138965905408
1290,1,440645025026674688
1291,1,440481711554449409
1292,1,437710037604003840
1293,1,437350713526861824
1294,1,437349426236260352
1295,1,437343490696286211
1296,1,435604572082429953
1297,1,428533847488098304
1298,1,428533643842035712
1299,1,428533319123230721
1300,1,750936220784484352
1301,1,750734988144881664
1302,1,750567307454377986
1303,1,750469439829663744
1304,1,750467357894582272
1305,1,750419613054169089
1306,1,750056039194648576
1307,1,746421125987504128
1308,1,746419857122439176
1309,1,746398390045409280
1310,1,746371997651767297
1311,1,746131138142318594
1312,1,745363769522429953
1313,1,745295369437777925
1314,1,745294706981011456
1315,1,745283275304763392
1316,1,743600749095968768
1317,1,743227447227736066
1318,1,743227440676233216
1319,1,743080888909451266
1320,1,742732487139328001
1321,1,741473665653440512
1322,1,741315767065419777
1323,1,741292777200226304
1324,1,741121819676180483
1325,1,741088541325697026
1326,1,741076181215121408
1327,1,741075691177836544
1328,1,740939587808157696
1329,1,740720891932217345
1330,1,740640122312351745
1331,1,740423039788154880
1332,1,740422728428212224
1333,1,740230235346501633
1334,1,739889916989952001
1335,1,739889746428600320
1336,1,739118295454883845
1337,1,738882535082446850
1338,1,738873953171607552
1339,1,738790639274332160
1340,1,738457517974376448
1341,1,738240917564317697
1342,1,738240897163239424
1343,1,738240865848594433
1344,1,738201809324380160
1345,1,738043950619992064
1346,1,737814283296210948
1347,1,737797662406115328
1348,1,737796000287318016
1349,1,737795803658342400
1350,1,737717020494422016
1351,1,737716858560741376
1352,1,737703682628681728
1353,1,737487843388317698
1354,1,737446416319029248
1355,1,737006972956860416
1356,1,736931712475615232
1357,1,736734194160697344
1358,1,736703610940071936
1359,1,736655344990982144
1360,1,736651425447477250
1361,1,736651197323481088
1362,1,736650922516832256
1363,1,736650828480581633
1364,1,736273063025639424
1365,1,736225490822799362
1366,1,735947455766749185
1367,1,735584763990315008
1368,1,735230985822830592
1369,1,735229725027667968
1370,1,735179163569553408
1371,1,735176377561808897
1372,1,735156840695107584
1373,1,734812425497645057
1374,1,733779837068795904
1375,1,733779791040520192
1376,1,731168457518022656
1377,1,731150273851199488
1378,1,731140710070521857
1379,1,730888830656512000
1380,1,730814296083419136
1381,1,730542364096258048
1382,1,730542248769650688
1383,1,730185666504491008
1384,1,730079639624785922
1385,1,729791376397729792
1386,1,729791356378324993
1387,1,729774766987476992
1388,1,729111449759440900
1389,1,728993971272187904
1390,1,728993940607635456
1391,1,728483293964828672
1392,1,728335934089875456
1393,1,728321531084865537
1394,1,727167885806809088
1395,1,727167182510108673
1396,1,727167122426712064
1397,1,727145554195656706
1398,1,727044460060774400
1399,1,726715360041291776
1400,1,751573599140667392
1401,1,751557780641837056
1402,1,751139094722412544
1403,1,750806741990969345
1404,1,744193666613403648
1405,1,744013867752263680
1406,1,743585769672052736
1407,1,742805898423341056
1408,1,742535693906419712
1409,1,742493054058270720
1410,1,742449193260843008
1411,1,742418298302812160
1412,1,742134427178938368
1413,1,742037542757863424
1414,1,741113193796370432
1415,1,741101147298074624
1416,1,741099849320398848
1417,1,740938357946089472
1418,1,740241436235419648
1419,1,740194392867213312
1420,1,740193758243852288
1421,1,740033983942164484
1422,1,740033558694219776
1423,1,740031628030922752
1424,1,740027921302228993
1425,1,740023263565389825
1426,1,739931184306769921
1427,1,739642503306022912
1428,1,739460750536790017
1429,1,739295997663318017
1430,1,738874506366881792
1431,1,738522868716310528
1432,1,738166049053413376
1433,1,738053162641326080
1434,1,738030044694646785
1435,1,738016841994506240
1436,1,737866183253299200
1437,1,737821305609854976
1438,1,737818394234343424
1439,1,737816302430093313
1440,1,737774601598566401
1441,1,737773661256568836
1442,1,737683719406948352
1443,1,737502775639035904
1444,1,737459303251095552
1445,1,737452068949135361
1446,1,737348012024946688
1447,1,737299887663022080
1448,1,737055755308765184
1449,1,737040078351020032
1450,1,736607877566193664
1451,1,736605748541718528
1452,1,736372760293826560
1453,1,736329041398095872
1454,1,736328401133445121
1455,1,736325508372287488
1456,1,736324940954279936
1457,1,736215189671051264
1458,1,735857243892121600
1459,1,735650749108133888
1460,1,734011514709889026
1461,1,734010389965373440
1462,1,733640714245033984
1463,1,733335930971492352
1464,1,733312749355335680
1465,1,733089733094559744
1466,1,731673621811372032
1467,1,731286413694631936
1468,1,731144917158887424
1469,1,730594886139908096
1470,1,730504927009775617
1471,1,730457163215327232
1472,1,730046147230846976
1473,1,729976094766604288
1474,1,729722601065615360
1475,1,728789680385298432
1476,1,728764567413723136
1477,1,728557072468606976
1478,1,727644342026960896
1479,1,726423197789392896
1480,1,726414518725828608
1481,1,726408609576435712
1482,1,726186698980376576
1483,1,725853500148690944
1484,1,725701176440840192
1485,1,725160879130480640
1486,1,724950537452589057
1487,1,723703614498320384
1488,1,723365117807628288
1489,1,723342271425445889
1490,1,722895900645859329
1491,1,722630286215876608
1492,1,722621271473827841
1493,1,722615095184986113
1494,1,722234321956954113
1495,1,722216522131767297
1496,1,721174112945774593
1497,1,720749905988423681
1498,1,720747569748582401
1499,1,719970544964276224
1500,1,752187982610780160
1501,1,752186774760206336
1502,1,752186610091855872
1503,1,752064455043715074
1504,1,752061922019729408
1505,1,752050306674941952
1506,1,752046618854060032
1507,1,752040321488347136
1508,1,752035365863600129
1509,1,751972671219339264
1510,1,751972000181067776
1511,1,751971787685015552
1512,1,751971591660023808
1513,1,751965855303409664
1514,1,751955769654849536
1515,1,751955278099124224
1516,1,751955152404307968
1517,1,751954955058028544
1518,1,751954709716492288
1519,1,751954166461849600
1520,1,751954024337813504
1521,1,751953767935860736
1522,1,751953692811681792
1523,1,751952969306820609
1524,1,751952765354536960
1525,1,751952234909274112
1526,1,751951964724875264
1527,1,751951882952724480
1528,1,751951705286119425
1529,1,751951409587769345
1530,1,751950840227770368
1531,1,751950420549857281
1532,1,751950257626296320
1533,1,751949802967928836
1534,1,751949176020185088
1535,1,751947240562757632
1536,1,751947177119748096
1537,1,751946950958731264
1538,1,751945736498012164
1539,1,751938237426331649
1540,1,751937704112168960
1541,1,751935754964643840
1542,1,751935582654197760
1543,1,751934812974231552
1544,1,751934211737554944
1545,1,751930737075466240
1546,1,751930614324932608
1547,1,751928786677927936
1548,1,751926109583716352
1549,1,751925461521801216
1550,1,751922420244631552
1551,1,751921139614556160
1552,1,751917537864986625
1553,1,751912676394094593
1554,1,751910441610129408
1555,1,751910148713553921
1556,1,751909745015922688
1557,1,751909303410237440
1558,1,751908479103692802
1559,1,751907958036967424
1560,1,751903738558763008
1561,1,751903162211053568
1562,1,751900374114586624
1563,1,751899046223032320
1564,1,751897589524541440
1565,1,751896420743913472
1566,1,751896157450694656
1567,1,751894949382066177
1568,1,751889104481038336
1569,1,751873718205292544
1570,1,751873312318304256
1571,1,751862932409978880
1572,1,751862817142157313
1573,1,751861016565125120
1574,1,751860414325993472
1575,1,751860336089702400
1576,1,751851434614755328
1577,1,751850888893902848
1578,1,751838082438041601
1579,1,751834498149421056
1580,1,751830450897760256
1581,1,751828445110243328
1582,1,751818337173147648
1583,1,751818220844134400
1584,1,751816466425450496
1585,1,751815650079698944
1586,1,751815125292560384
1587,1,751813410895962112
1588,1,751812994510704640
1589,1,751679662619709440
1590,1,751678259486527488
1591,1,751676764858966016
1592,1,751674738125131776
1593,1,751674492955398144
1594,1,751674321001590784
1595,1,751673873897140224
1596,1,751673842989277184
1597,1,751656259422547968
1598,1,751655161991274496
1599,1,751651684909068288
1600,1,751459984408358912
1601,1,751189757162434560
1602,1,749257394887077888
1603,1,748308514733326336
1604,1,746513829396283392
1605,1,746512880573390848
1606,1,746512746871566336
1607,1,744289830721359873
1608,1,744280733686992896
1609,1,744280648756559872
1610,1,744258714912202752
1611,1,743898783231021057
1612,1,742894047690268674
1613,1,742893838138646528
1614,1,742893020933021700
1615,1,742892239345459200
1616,1,742891312081342464
1617,1,742175652128792578
1618,1,740254933962743808
1619,1,739950501219827712
1620,1,739916376492544000
1621,1,737846974125199364
1622,1,737711349682208768
1623,1,737710907279581184
1624,1,737710076866088960
1625,1,737687860581519360
1626,1,737687351871180801
1627,1,737685718500134916
1628,1,737683991562584065
1629,1,737678136452648961
1630,1,737673735004528642
1631,1,737673574060679169
1632,1,737672860517294087
1633,1,737477486838054913
1634,1,737460601836867586
1635,1,737460398945800192
1636,1,737460286840397824
1637,1,737460159090302976
1638,1,737458943576805376
1639,1,737458710394503168
1640,1,737457747831070720
1641,1,737400328316805121
1642,1,737379566285512704
1643,1,737358336081825793
1644,1,737356198878416898
1645,1,737355291306557440
1646,1,737354576643293184
1647,1,737347201169395712
1648,1,737344131387645952
1649,1,737331876558315520
1650,1,737297757262610434
1651,1,735861427609567232
1652,1,735697509142564864
1653,1,735658232283205633
1654,1,735640969878470656
1655,1,735640715909206016
1656,1,735586512364916736
1657,1,735549854236053504
1658,1,734258487530688512
1659,1,733464361327415301
1660,1,733463185760509953
1661,1,732719544951660544
1662,1,732655863765159936
1663,1,732548242160812035
1664,1,730783690561753088
1665,1,730759530905145344
1666,1,728019488726237184
1667,1,726777577084317700
1668,1,725396299755884544
1669,1,725080634281082880
1670,1,725064672118890496
1671,1,725063211393933312
1672,1,725062957432995842
1673,1,724893194719219712
1674,1,724722217666236416
1675,1,724702918901784576
1676,1,724702840711565312
1677,1,724700586512281601
1678,1,724699528851378176
1679,1,724699480004554752
1680,1,724698738246078465
1681,1,724696188402831361
1682,1,724695715511816192
1683,1,724683979937304577
1684,1,724432334137659392
1685,1,724432240873099264
1686,1,723660322758758400
1687,1,722135465252360194
1688,1,722135192115085312
1689,1,721025374079963136
1690,1,720696021760679936
1691,1,720452444895997952
1692,1,720387964308553728
1693,1,720293303510372353
1694,1,720287044707049472
1695,1,720279875664240640
1696,1,720279470733570050
1697,1,720278257958916096
1698,1,720275711383056385
1699,1,719604608184627200
1700,1,751660012636778497
1701,1,750408405446111232
1702,1,750407018947571712
1703,1,750406775791194113
1704,1,750081154217185281
1705,1,749686637525774336
1706,1,749354994772520960
1707,1,749298203124654080
1708,1,749296178064273409
1709,1,749295156763832320
1710,1,747116973897613314
1711,1,746216979392958464
1712,1,746202687797006336
1713,1,741462336796401664
1714,1,741460211219595265
1715,1,740716711016435713
1716,1,739580835695714306
1717,1,739231963211390976
1718,1,739227963141455873
1719,1,739227844945924096
1720,1,738405009092546560
1721,1,736958697478316032
1722,1,736958619850182656
1723,1,736659678575235073
1724,1,735505036562731008
1725,1,734079593246777344
1726,1,733309426132779008
1727,1,732911726228865024
1728,1,732760270033047554
1729,1,730548576103759872
1730,1,727588418864058368
1731,1,727587335982874624
1732,1,727587295839166464
1733,1,727582527079129088
1734,1,727562099270909953
1735,1,726217729284313088
1736,1,726217253998350336
1737,1,725481690957635586
1738,1,725156466286583808
1739,1,725046101833736192
1740,1,723401778633400320
1741,1,723401712380186624
1742,1,720831615442636800
1743,1,718665499303751680
1744,1,715272405208334336
1745,1,714542736150376448
1746,1,714484659279630338
1747,1,714212615266770944
1748,1,713850186141999104
1749,1,709730834287345664
1750,1,709643382679846916
1751,1,708239285833625600
1752,1,707234925179740160
1753,1,707222620001984513
1754,1,707219073260789760
1755,1,707215407824965632
1756,1,705778569910296577
1757,1,705398477388390402
1758,1,700547608750608384
1759,1,700547278948270080
1760,1,700546983581253632
1761,1,699318585886318594
1762,1,699313928740823040
1763,1,699013966572310529
1764,1,699013550853885953
1765,1,699012757786488833
1766,1,698977075550531584
1767,1,696228558390194177
1768,1,696228098329554945
1769,1,696227365513367552
1770,1,696189725174968320
1771,1,696189350237720577
1772,1,696162896477233152
1773,1,696094346257432576
1774,1,694604124533321728
1775,1,693604398648307712
1776,1,693603586215784448
1777,1,693598969511825408
1778,1,693348445235519489
1779,1,693312702467280896
1780,1,691897646060019712
1781,1,691897195981901824
1782,1,691896940116721664
1783,1,691803581100507139
1784,1,691121412036112384
1785,1,689946794273443842
1786,1,689705892980219905
1787,1,688870934694871041
1788,1,684636827785928704
1789,1,684636731757363200
1790,1,684439017765474304
1791,1,684430304560320512
1792,1,684429109015908352
1793,1,679512280661229568
1794,1,679174950498918401
1795,1,679007899125866497
1796,1,677896154781102080
1797,1,676823733604978688
1798,1,675366473330626561
1799,1,672596134624276480
1800,1,751732272932483072
1801,1,751565043028881409
1802,1,751563508161150976
1803,1,751412160312516608
1804,1,751205162757320705
1805,1,751204951574142977
1806,1,750797739823337472
1807,1,750797403901423616
1808,1,748901212561473536
1809,1,748900987226710016
1810,1,748722499576356864
1811,1,748613174153383936
1812,1,748593938940977153
1813,1,748593899497725956
1814,1,744205518630162432
1815,1,743466973514825728
1816,1,743078952953122816
1817,1,742546076981415936
1818,1,742494446231621632
1819,1,742478072860020736
1820,1,742181774516748288
1821,1,741471303241203712
1822,1,741377768584302592
1823,1,741377682533933057
1824,1,741079156419637248
1825,1,741040880526708736
1826,1,741035013609644033
1827,1,741034214330535936
1828,1,740560742370381824
1829,1,740560564267671552
1830,1,740558979085000704
1831,1,740558808200712192
1832,1,740558502410780672
1833,1,740557841153568768
1834,1,740557122396655617
1835,1,740549368730783744
1836,1,740548574866509824
1837,1,740523670930640896
1838,1,740370757205823489
1839,1,740364009153650688
1840,1,739839113000521728
1841,1,739130460387737602
1842,1,738541469913481216
1843,1,738541166304583681
1844,1,738435023532109824
1845,1,738430759640412161
1846,1,737651978118041600
1847,1,737650897736617985
1848,1,737095542069678080
1849,1,737092699317211136
1850,1,736970664595202048
1851,1,736722147247329280
1852,1,735127658124738560
1853,1,735126939564945408
1854,1,733037594406162433
1855,1,733037515154829313
1856,1,732570155809673216
1857,1,731487105092882432
1858,1,731486891829264384
1859,1,730944041781755904
1860,1,730943871170035713
1861,1,730739349747343364
1862,1,729775343305904128
1863,1,728946253569069056
1864,1,728942454326452226
1865,1,728605650843017216
1866,1,728394169962598400
1867,1,728394016568557569
1868,1,728326539381641216
1869,1,728056878987657216
1870,1,727958289674211328
1871,1,727864407913566209
1872,1,727841535698599937
1873,1,727838088597221376
1874,1,727837758731980800
1875,1,727835724561715202
1876,1,727833858763272192
1877,1,727828977465823233
1878,1,727801645472567296
1879,1,727801351305056257
1880,1,727697425104814080
1881,1,727632936992972800
1882,1,727575236611280897
1883,1,727521860775202820
1884,1,727297465490264064
1885,1,727297216268931072
1886,1,727242851776618496
1887,1,726258685614428160
1888,1,726237549472129024
1889,1,726140290852069376
1890,1,726140203577036800
1891,1,725440983178039297
1892,1,725398533340286976
1893,1,725121096262012928
1894,1,725038700661465088
1895,1,724727128416239616
1896,1,724695962455826432
1897,1,724695680531464192
1898,1,724695597282918401
1899,1,724416804634923009
1900,1,752142320070434816
1901,1,751978792047042560
1902,1,751978725349199872
1903,1,751967100416233472
1904,1,751966703295328256
1905,1,751953747467722757
1906,1,751894889533767680
1907,1,751833147524976640
1908,1,751827494098141184
1909,1,751824830501191681
1910,1,751820835355258881
1911,1,751812054575681537
1912,1,751811036064411649
1913,1,751797112451567616
1914,1,751778717349871616
1915,1,751777286907625472
1916,1,751767259929083904
1917,1,751767095873007616
1918,1,751766966709387264
1919,1,751762587214372865
1920,1,751626072010219520
1921,1,751592121262542848
1922,1,751558702348533760
1923,1,751557901706207232
1924,1,751548012535635968
1925,1,751542895761645569
1926,1,751540494560264203
1927,1,751523354864152577
1928,1,751517226277167104
1929,1,751494106417885184
1930,1,751487685445947392
1931,1,751485865621352448
1932,1,751484051853283329
1933,1,751483672835022848
1934,1,751483159561302016
1935,1,751482379303284737
1936,1,751481676543488000
1937,1,751481547304435713
1938,1,751481202922688513
1939,1,751480932809474048
1940,1,751480709588680704
1941,1,751480498472554496
1942,1,751480350925287426
1943,1,751478458421829633
1944,1,751477745557835777
1945,1,751473253072396288
1946,1,751472569707065344
1947,1,751470152223428608
1948,1,751465560890802177
1949,1,751465049928130561
1950,1,751459499962138624
1951,1,751436580620034048
1952,1,751386547019210753
1953,1,751219233871147008
1954,1,751162137838575617
1955,1,751161746879119360
1956,1,751129249352781824
1957,1,751080965510955008
1958,1,751039494422458368
1959,1,750874146834378752
1960,1,750492837867847680
1961,1,750453665580867584
1962,1,750446416762462208
1963,1,750446196288880640
1964,1,750433821816913920
1965,1,750390101168033792
1966,1,750329826859417600
1967,1,750323320193687553
1968,1,750320065564774400
1969,1,750124440697077761
1970,1,750064792094838785
1971,1,750064300086231040
1972,1,750039265137004544
1973,1,749992442569654272
1974,1,749916292488933376
1975,1,749892280404893700
1976,1,749649299726893056
1977,1,749648986160631808
1978,1,749647373798899713
1979,1,749645289129119751
1980,1,749644013758713856
1981,1,749642372884103168
1982,1,749561389161844736
1983,1,749561314410987520
1984,1,749340665675415552
1985,1,749339215306039296
1986,1,749288299118862336
1987,1,749234281348825088
1988,1,749232797785722880
1989,1,749227573918441476
1990,1,749213389545738240
1991,1,749120318124363776
1992,1,749116977151479812
1993,1,749002326460039172
1994,1,748999178538344452
1995,1,748999012070658048
1996,1,748996713885597696
1997,1,748989918299521024
1998,1,748989163605745665
1999,1,748982127983726592
